work_id,title,rating,category,relationship,character,freeform
5007118,The Truth about Harry Potter,General Audiences,M/M,"Draco Malfoy/Harry Potter, various mentioned pairings with no actual appearance","Draco Malfoy, Harry Potter, Author - Character","Self-Insert, crack!fic, seriously pointless, fanfiction making fun of itself, proof of my insanity, Spoilers, Harry is Confused, Draco pretends to be confused, Fun with Tags, Sorry Not Sorry"
5006320,Harry Potter and the Noble Sacrifice,Teen And Up Audiences,,,"Harry Potter, Ron Weasley, Hermione Granger","Comic, Fan Comics, Humor"
4995850,Harry Potter and the Purple Dinosaur,Teen And Up Audiences,Gen,,"Draco Malfoy, Harry Potter, Barney the purple dinosaur, Severus Snape, Original Child Characters of little importance","comedy/satire, horror(ish), Potions Accident, Crossover, Crack"
5075734,Harry Potter and the Unusual Medical Treatment,Explicit,F/M,Harry Potter/Ginny Weasley,"Harry Potter, Ginny Weasley",
4929865,Water Contamination (or the time Harry Potter was accidentally a major douche),Teen And Up Audiences,M/M,Harry Potter/Draco Malfoy,"Harry Potter, Draco Malfoy, Hermione Granger, Pansy Parkinson, Ron Weasley","flangst, Misunderstandings"
4976515,and forget to live,General Audiences,M/M,Albus Dumbledore/Gellert Grindelwald,"Albus Dumbledore, Gellert Grindelwald, Ariana Dumbledore, Aberforth Dumbledore","alternate universe - imaginary, Angst, Dreams"
4908538,Everyone's Good At Something,Teen And Up Audiences,Gen,,"Gilderoy Lockhart, OC - Character","Memory Charms, Memory Alteration, Ambition, First Dates"
5042755,Lunatic Impressions in a Dungeon,Not Rated,Gen,,"Luna Lovegood, Garrick Ollivander, Severus Snape, Bellatrix Black Lestrange",
5085703,Dabberblimps,Mature,F/M,Luna Lovegood/Lucius Malfoy,"Lucius Malfoy, Luna Lovegood","Lucius Big Bang, Diary/Journal, Employer/Employee, Older Man/Younger Woman"
4956577,The Lucky One,General Audiences,F/M,Draco Malfoy/Hermione Granger,"Draco Malfoy, Hermione Granger","One-shot, Fluff"
4994023,Have a Cup of Coffee (or Maybe Not),General Audiences,M/M,Harry Potter/Tom Riddle,"Harry Potter, Tom Riddle","Alternate Universe - Non-Magical, Dialogue-Only"
5030722,The End,General Audiences,M/M,Draco Malfoy/Harry Potter,"Harry Potter, Draco Malfoy","Old Age, Fluff"
4880572,A Word in His Defense,Mature,M/M,Ronald Weasley/Draco Malfoy,"Ronald Weasley, Draco Malfoy",Homosexuality
5006515,You and I go hard at each other like we're going to war,Explicit,M/M,"Draco Malfoy/Harry Potter, Draco Malfoy/Original Male Character(s)","Draco Malfoy, Harry Potter, Kingsley Shacklebolt, Original Male Character(s)","Auror Harry Potter, protecting Draco, POV Harry, Draco Malfoy is a Tease, Jealous Harry, Possessive Harry, fair bit of, Dirty Talk, Light Bondage"
5066755,Sexual Healing,Explicit,M/M,Harry Potter/Severus Snape,"Harry Potter, Severus Snape",
5056036,Dinner with the Dragon,Teen And Up Audiences,"F/M, M/M","Draco Malfoy/Harry Potter, Astoria Greengrass/Draco Malfoy","Draco Malfoy, Astoria Greengrass, Harry Potter, Theodore Nott","Alternate Universe, Romance, Humor"
5058223,This Old Oak Tree,Teen And Up Audiences,F/M,Hermione Granger/Harry Potter,"Harry Potter, Hermione Granger","Friends to Lovers, Drabble Collection, sweet romance"
4919329,Lenceria,Explicit,M/M,Harry Potter / Severus Snape,"Severus Snape, Harry Potter","Homosexuality, age gap, Plot What Plot/Porn Without Plot, snarry"
5085778,Needless To Say,Teen And Up Audiences,F/M,Lucius Malfoy/Narcissa Black Malfoy,"Lucius Malfoy, Narcissa Black Malfoy","Lucius Big Bang, Virgin Lucius, Fluff"
4966549,From the First Moment,General Audiences,"F/M, Gen","Sirius Black & Harry Potter, James Potter/Lily Evans Potter, James Potter & Harry Potter","Harry Potter, Remus Lupin, James Potter, Lily Evans Potter, Sirius Black","Family, Godfather Sirius Black, Baby Harry, Pre-Hogwarts, Alternate Universe - Canon Divergence"
4946347,Harry with a Panther Earring [Fanart],General Audiences,Gen,,Harry Potter,"Fanart, Earring, Black&White, panther"
5050006,Eclipsed,General Audiences,F/M,Harry Potter/Tom Riddle,"Tom Riddle, Harry Potter","Alternate Universe, Alternate Universe - Gender Changes, female!Harry, Gray!Harry, Slytherin!Harry, Het, Time Travel"
4929040,Quite The Predicament,Teen And Up Audiences,F/F,Hermione Granger/Ginny Weasley,"Hermione Granger, Ginny Weasley, Ron Weasley, Harry Potter",Fluff
5007220,The Fanfic to End All Fanfics,Not Rated,M/M,Draco Malfoy/Harry Potter,"Harry Potter, Draco Malfoy, Author - Character, Author's Dog","Sequel, Self-Insert, Crack, seriously pointless, more Authoress insanity, ""My Immortal"" induced trauma"
4934176,Bank Holiday,Teen And Up Audiences,M/M,Draco Malfoy/Harry Potter,"Draco Malfoy, Harry Potter","Lead up to smut, but no actual smut, Cute, early morning, Established Relationship"
4965496,You and Me,Teen And Up Audiences,"F/M, Gen","Sirius Black & Harry Potter, James Potter/Lily Evans Potter","Sirius Black, Harry Potter, James Potter, Lily Evans Potter","Baby Harry, Godfather Sirius Black, Family, Kid Fic, Pre-Hogwarts"
5107628,(10)1 Reason(s) Why People Are Happy,Teen And Up Audiences,M/M,Draco Malfoy/Harry Potter,"Ron Weasley, Seamus Finnigan, Dean Thomas, Draco Malfoy, Hermione Granger, Ernie Macmillan, Harry Potter","Singing in the Shower, Whistling, happy people, Hogwarts Eighth Year, HP: EWE, Rated T for language, Fluff, No Angst"
5043361,"Imagination, lessons and reality",General Audiences,Gen,,,Meta
4949449,"The Deepest, Most Desperate Desire",General Audiences,Gen,Harry Potter/Ginny Weasley,"Harry Potter, Susan Bones, Euan Abercrombie, Cormac McLaggen, Ginny Weasley","Family, Friendship, Romance, Quidditch World Cup, Head Auror Harry Potter, Mirror of Erised"
4938511,Here Amongst the Ruins,Mature,M/M,Harry Potter & Draco Malfoy,"Harry Potter, Draco Malfoy",Post-War
4925182,Ring of Fire,Explicit,M/M,Draco Malfoy/Harry Potter,"Draco Malfoy, Harry Potter","Alternate Universe, Healer!Harry, Magical Tattoos, Magical Accidents, Medical Kink, Mildly Dubious Consent, Dubious Ethics, top!Harry Potter, bottom!Draco"
4815728,No Regrets,Teen And Up Audiences,M/M,Draco Malfoy/Harry Potter,"Draco Malfoy, Harry Potter","Post-Battle of Hogwarts, Spinner's End, Lily Evans Potter & Severus Snape Friendship, HP: EWE, Severus Snape's Death, Cokeworth"
4918636,In Sickness and in Health,Explicit,M/M,"Harry Potter/Tom Riddle, Harry Potter/Voldemort, Harry Potter/Tom Riddle | Harry Potter/Voldemort, Hermione Granger/Severus Snape","Harry Potter, Tom Riddle | Voldemort, Hermione Granger, Severus Snape, Baby - Character","Anal Sex, Pregnancy, Not M-Preg, Pregnancy Brain, Emotional Sex, Morning Sickness, Cravings, Moody Voldemort, emotional harry, Titanic - Freeform, Fluff and Humor"
4807733,Carpe Diem,Teen And Up Audiences,M/M,Draco Malfoy/Harry Potter,"Harry Potter, Draco Malfoy, Lucius Malfoy, Narcissa Black Malfoy","Depression, The Marauder's Map, Hogwarts Great Lake, Harry Thinks Malfoy Is Up To Something, Huddling For Warmth, HP: EWE, Post-Deathly Hallows, H/D Pottermore Fair 2015"
4994512,with you,Not Rated,Other,"Teddy Lupin/Harry Potter, Teddy Lupin & Harry Potter, Remus Lupin/Teddy Lupin, Remus Lupin/Nymphadora Tonks","Harry Potter, Nymphadora Tonks, Tonks, Teddy Lupin, Remus Lupin, Ghost Remus Lupin - Character","Sad, Emotional Hurt/Comfort, Emotional Hurt, Cute Teddy Lupin, Harry Potter Next Generation, Harry Potter References, Sad Harry Potter, Angst, Fluff and Angst, Ghosts, Dead People, Magic, Unforgivable Curses (Harry Potter), Universe Alteration, Birthday"
4917364,Machinations,Not Rated,"F/F, F/M, M/M",,"Harry Potter, Ron Weasley, Hermione Granger, Tom Riddle | Voldemort, Draco Malfoy, Lucius Malfoy, Narcissa Black Malfoy, Sirius Black, Remus Lupin, Merlin (Harry Potter), Morgana (Merlin), Peter Pettigrew",Time Travel
4865510,What a Tragic Little Hero I Am,General Audiences,M/M,Draco Malfoy/Harry Potter,"Draco Malfoy, Harry Potter, Millicent Bulstrode","Humor, Press and Tabloids, HP: EWE, Celebrity Draco Malfoy, Paparazzi, Helpful Harry Potter"
4993090,Whispered Conversations,General Audiences,F/M,"Harry Potter/Ron Weasley, Hermione Granger/Viktor Krum, Hermione Granger & Harry Potter","Harry Potter, Ron Weasley, Hermione Granger","Alternate Universe, Alternate Universe - Gender Changes, female!Harry, Het, Mild Bashing of Viktor Krum"
5047936,The Discovery of Passion,Explicit,M/M,"Harry Potter/Tom Riddle, Harry Potter & Tom Riddle","Tom Riddle, Harry Potter","Top Harry, Sub Tom Riddle, Spanking, Light Dom/sub, First Time, Cuddling & Snuggling, Anal Fingering, Anal Sex, Rimming"
5028397,Because He Wants To,Explicit,M/M,Draco Malfoy/Harry Potter,"Draco Malfoy, Harry Potter","Established Relationship, Post-Hogwarts, Dirty Talk, Praise Kink, Hand Jobs, Frottage, POV Harry Potter"
4922923,Things Work Out in the End,Teen And Up Audiences,M/M,"Draco Malfoy/Harry Potter, Draco Malfoy & Harry Potter","Pansy Parkinson, Draco Malfoy, Harry Potter","Dialogue-Only, Drarry, Crack"
4943851,Dead Men Don't Bleed Epilogue,General Audiences,"F/M, Gen","Sirius Black & Harry Potter, Harry Potter/Ginny Weasley, Hermione Granger/Ron Weasley","Sirius Black, Harry Potter, James Sirius Potter, Albus Severus Potter, Lily Luna Potter, Ginny Weasley, Hermione Granger, Ron Weasley, Remus Lupin, The Weasleys","Alternate Ending, Alternate Universe - Canon Divergence"
5012179,Waiting,Teen And Up Audiences,M/M,Draco Malfoy/Harry Potter,"Harry Potter, Draco Malfoy","Angst, Azkaban, Post-Battle of Hogwarts, Established Relationship"
5104208,A Change in Plans,General Audiences,"F/M, Gen",James Potter/Lily Evans Potter,"Lily Evans Potter, James Potter, Sirius Black, Remus Lupin, Peter Pettigrew, Marauders (Harry Potter), Original Characters, Harry Potter Characters","Marauders' Era, Shenanigans, Pranks, Payback, Revenge, Plotting, jily, Secretly Awesome Lily, Awesome!Lily, Prankster!Lily, Padfoot - Freeform, Prongs - Freeform, Moony - Freeform, Wormtail - Freeform"
5051407,Neaten Up,General Audiences,M/M,Harry Potter/Tom Riddle,"Harry Potter, Tom Riddle","AU, Alternate Universe, tomarry - Freeform, Humour"
5104013,Confessions,General Audiences,"F/M, Gen, M/M","James Potter/Lily Evans Potter, Sirius Black/Remus Lupin","James Potter, Lily Evans Potter, Sirius Black, Remus Lupin, Peter Pettigrew, Severus Snape","The Marauders - Freeform, jily, Hinted at Wolfstar, Misunderstandings, Humor, Mentioned Petunia Dursley, Mentioned Vernon Dursley, Lily knows all"
5050258,Tricks and Treats,General Audiences,Gen,,"James Potter, Sirius Black, Remus Lupin, Peter Pettigrew","Fun, Humor, Pranks and Practical Jokes, Dessert & Sweets, Hogwarts, Marauders' Era, Marauders, Marauders Friendship, Extra Treat"
4918219,Her Niece and His Goddaughter,General Audiences,Gen,"Petunia Evans Dursley & Harry Potter, Sirius Black & Harry Potter","Harry Potter, Petunia Evans Dursley, Sirius Black, Orion the Dog","Alternate Universe, Alternate Universe - Gender Changes, female!Harry, nice!Petunia, mentions of abuse, Mentions of miscarriage, Mentions of Evil!Vernon"
5051089,Right Next To You,Teen And Up Audiences,M/M,Draco Malfoy/Harry Potter,"Harry Potter, Draco Malfoy, Ron Weasley, Hermione Granger, Horace Slughorn","One-shot, Ficlet, Amortentia, Potions, eighth year, Post-War"
4998583,Spectres in the Fog,General Audiences,"Gen, M/M",Draco Malfoy/Harry Potter,"Harry Potter, Draco Malfoy","Forbidden Forest, Dementors, Weather, Missing Scene, Angst"
4907359,A Bad Idea,Teen And Up Audiences,M/M,Draco Malfoy/Harry Potter,"Harry Potter, Draco Malfoy",
4777469,No Shadow Taller Than Our Souls [Podfic],General Audiences,M/M,Draco Malfoy/Harry Potter,"Draco Malfoy, Harry Potter, Ron Weasley, Hermione Granger","Angst, HP: EWE, Dementors, Podfic, Podfic Length: 3.5-4 Hours, H/D Pottermore Fair 2015"
7888600,In the Middle,Explicit,Multi,"Harry Potter/Severus Snape, Hermione Granger/Severus Snape, Hermione Granger/Harry Potter/Severus Snape","Harry Potter, Severus Snape, Hermione Granger","Hurt/Comfort, Plot What Plot/Porn Without Plot, Established Relationship, Unusual Sexual Situation, Multiple Partners, Untold backstory"
4960447,The Grunnings Man,General Audiences,"F/M, Gen",Hermione Granger/Harry Potter,"Harry Potter, Hermione Granger, Vernon Dursley, Mrs Granger (Harry Potter), Mr. Granger",
4924027,Of Rain and Lemons,General Audiences,F/M,Luna Lovegood/Harry Potter,"Luna Lovegood, Harry Potter",
4939678,Bad Habit,General Audiences,F/M,Daphne Greengrass/Harry Potter,"Harry Potter, Daphne Greengrass",Older Characters
5032951,Scars,General Audiences,M/M,Draco Malfoy/Harry Potter,"Draco Malfoy, Harry Potter","Light Angst, Fluff"
5027530,Back Home,General Audiences,M/M,Harry Potter/Severus Snape,"Harry Potter, Severus Snape",Established Relationship
5104679,Balderdash,General Audiences,F/M,James Potter/Lily Evans Potter,"Lily Evans Potter, James Potter","Pregnancy, Cravings, Love, Fluff, Domestic Fluff, Romantic Fluff, Marriage, Loving Marriage, Married Life, Self-Esteem Issues, POV James Potter, Pregnant Lily Evans Potter, Domestic Bliss, Marauders Era (Harry Potter), Romance, POV Third Person"
5018197,Baby Wolf | Hope Lupin,General Audiences,F/M,Hope Lupin/Lyall Lupin,"Hope Lupin, Lyall Lupin, Remus Lupin, Fenrir Greyback","Toddler Remus, Ministry of Magic, 4 Year Old Remus, Who's that at the window, Remus & Lyall, Remus & Hope, Slight Screaming, Implied Violence, An angered hairy man, Sad, POV First Person"
5116931,(Never) Believe It's Not So,General Audiences,Gen,,"Hermione Granger, Harry Potter, Croaker (Harry Potter), Draco Malfoy, Ginny Weasley, Penelope Clearwater, Luna Lovegood, Molly Weasley, Sirius Black","Memory Loss, Memory Charms, Time Travel, Vampires, Useless Vampires, Veil of Death, Resurrection, Fred Lives, Unspeakable Hermione Granger, Awesome Hermione Granger, Paperwork, Department of Mysteries, Halloween"
4939942,What You've Given Me,General Audiences,Gen,Sirius Black & Harry Potter,"Sirius Black, Harry Potter, The Weasleys","Family, Angst, Emotional Hurt/Comfort, Book 5: Harry Potter and the Order of the Phoenix, Alternate Universe - Canon Divergence, Fix-It"
5082970,HeartStrong,General Audiences,M/M,Draco Malfoy/Harry Potter,"Draco Malfoy, Harry Potter",Just some Young Adult silliness
5055655,Petunia Visits the DVLA,Not Rated,Gen,Harry Potter/Ron Weasley,"Petunia Evans Dursley, Harry Potter, Ron Weasley",Homophobia
5077207,"oh lord, heaven knows (we belong way down below)",Mature,M/M,Draco Malfoy/Harry Potter,"Draco Malfoy, Harry Potter","Alternate Universe - Voldemort Wins, The Potters Die, Minor Character Death, Alternate Universe - Supernatural Elements, Demon Deals, Demon Harry, Dirty Talk"
4967176,Revelations,Teen And Up Audiences,Gen,,"Draco Malfoy, Tenebrus","Thestrals, Acceptance, Post-War"
5085631,Skip,Mature,F/M,Draco Malfoy/Harry Potter,"Harry Potter, Draco Malfoy","Anal, Sex, Explicit Sexual Content"
4924210,Alive Again,Teen And Up Audiences,F/M,Narcissa Black Malfoy/Harry Potter,"Narcissa Black Malfoy, Harry Potter","Older Woman/Younger Man, Older Harry"
4829483,One Night at the Leaky,Teen And Up Audiences,M/M,Draco Malfoy/Harry Potter,"Draco Malfoy, Harry Potter, Ron Weasley, Hermione Granger, Ginny Weasley, Luna Lovegood, Seamus Finnigan, Gregory Goyle, Neville Longbottom","Drunkenness, Truth or Dare, tomfoolery, UST, Drinking Games, Post-Hogwarts, HP: EWE, Humor, H/D Pottermore Fair 2015, Leaky Cauldron, Flustered Harry Potter, Draco Malfoy Flirts, Smitten Harry Potter, Graphic Description of a Disgusting Drink, seriously it's disgusting"
5079979,The Weight of Feathers,Teen And Up Audiences,M/M,Draco Malfoy/Harry Potter,"Blaise Zabini, Draco Malfoy, Harry Potter","Comic, Photo Comic, Best on a Large Screen (May be hard to read on mobile devices), Veela, Auror Harry Potter, Miniature Photography, Macro photography, Photography, Lego, miniatures, Art, Blaise POV"
4945153,Terrain of Cruelty,Mature,"F/M, Gen, M/M","Sirius Black & Harry Potter, Sirius Black/Remus Lupin, James Potter/Lily Evans Potter, Sirius Black & James Potter","Sirius Black, Harry Potter, Remus Lupin, James Potter, Lily Evans Potter, Peter Pettigrew, Albus Dumbledore, Poppy Pomfrey","Angst, Emotional Hurt/Comfort, Godfather Sirius Black, First War with Voldemort, Grief, Trauma Recovery, Nightmares, Death, Sexual Content"
4776677,Lucky at the Leaky,Explicit,M/M,Draco Malfoy/Harry Potter,"Draco Malfoy, Harry Potter, Hannah Abbott","Leaky Cauldron, Post-Hogwarts, Bartender Draco Malfoy, Sexual Content, Draco Malfoy Flirts, Past Harry Potter/Ginny Weasley, H/D Pottermore Fair 2015"
4907179,Tired of Hiding,Explicit,M/M,Harry Potter & Charlie Weasley,,"Shameless Smut, Hidden Relationship, Harry wants more, Weasley Family"
4933999,Normal Night Shift at the Leaky Cauldron,Not Rated,Multi,Hermione Granger/Harry Potter/Ron Weasley,"Hermione Granger, Ron Weasley, Harry Potter",Fanart
4939708,Wake Me Up Before You Come Come,Explicit,M/M,"Harry Potter/Ron Weasley, Harry Potter/Ginny Weasley, Dean Thomas/Ginny Weasley","Ron Weasley, Harry Potter, Ginny Weasley, Dean Thomas","Rating: NC17, Sexual Content, Oral Sex, Anal Sex, Humor, Aurors, Fluff, Language"
4940767,Cuts,General Audiences,M/M,Sirius Black/Remus Lupin,"Remus Lupin, Sirius Black, James Potter (mentioned)","Shoebox Project, Drabble, Drabble Day 2015, Marauders' Era, First War with Voldemort"
5060860,Before the Party,General Audiences,Gen,,"Harry Potter, Hermione Granger","Post-Deathly Hallows, Halloween"
4926565,Close and Closer,Teen And Up Audiences,M/M,Harry Potter/Severus Snape,"Severus Snape, Harry Potter","Drabble, Slash, Romance, Humor, Community: fandom_aid"
5004910,Thicker than Blood,Teen And Up Audiences,"F/M, Gen","Sirius Black & Harry Potter, Harry Potter/Ginny Weasley, Remus Lupin/Nymphadora Tonks","Sirius Black, Harry Potter, Ginny Weasley, The Weasleys, Remus Lupin, Nymphadora Tonks, Teddy Lupin","Angst, Godfather Sirius Black, Family, Emotional Hurt/Comfort, Alternate Universe - Canon Divergence, 1996, Christmas, Voldemort is Dead and Gone"
4945711,A Whiter Shade Of Pale,General Audiences,M/M,Draco Malfoy/Harry Potter,"Harry Potter, Draco Malfoy","Ratings: G, Community: dracoharry100, Romance, Fluff and Angst"
5048527,Forever,General Audiences,"F/M, Gen","Harry Potter/Ginny Weasley, Fleur Delacour/Bill Weasley","Harry Potter, Ginny Weasley, Fleur Delacour, Bill Weasley, Lily Luna Potter, Louis Weasley",
5001379,The Avenging Fiend.,Not Rated,M/M,Harry Potter/Severus Snape,"Harry Potter, Severus Snape","Drabble, Complete, Pre-Slash, Angst, Romance"
4951816,a brose by any other name,General Audiences,Gen,James Potter/Lily Evans Potter,"James Potter, Lily Evans Potter, Harry Potter, Sarah Potter, Anne Potter, Drew Potter, Mattie Potter, Sirius Black, Remus Lupin","baby naming, Fluff"
17934851,"the sky, a'tumbling down",Teen And Up Audiences,"Multi, Other",Hermione Granger/Harry Potter/Ron Weasley,"Ron Weasley, Hermione Granger, Harry Potter","POV Ron Weasley, Ron through the years, Character Study, The Golden Trio"
4967947,Her Private Symphony,Teen And Up Audiences,"F/M, Gen",,"Hermione Granger, Harry Potter, Ginny Weasley","Music, Post-Deathly Hallows, Depression, Love, Minor Harry Potter/Ginny Weasley, Community: hp_silencio, No Dialogue"
5090465,Positively Passionate.,Not Rated,M/M,Harry Potter/Severus Snape,"Harry Potter, Severus Snape","Drabble, Complete, Pre-Slash, Humor, Romance"
4978693,A Different Date,Mature,F/M,Parvati Patil/Harry Potter,"Harry Potter, Parvati Patil",HP Diversity Prompts of Color
4935379,So Many Shards of Crystal,Explicit,M/M,Draco Malfoy/Harry Potter,"Draco Malfoy, Harry Potter, Astoria Greengrass","Angst, Post-Hogwarts, Consensual Infidelity, Anal Sex, HP: EWE, Auror Partners, Friends With Benefits"
5023786,"A Helping Hand, or Four",Explicit,"F/M, Multi",Hermione Granger/Harry Potter/Ginny Weasley,"Harry Potter, Ginny Weasley, Hermione Granger",Threesome - F/F/M
4977730,Playing the Hero,Explicit,M/M,Draco Malfoy/Harry Potter,"Harry Potter, Draco Malfoy, Ron Weasley, Hermione Granger","bottom!Draco, Top!Harry, Anal Sex, Anal Fingering, Kissing, Fluff and Angst, Happy Ending"
5117555,Nightmares,Not Rated,F/M,Harry Potter/Ginny Weasley,"Harry Potter, Ginny Weasley","Post-Canon, Post-Traumatic Stress Disorder - PTSD"
4752572,Friends and More,Explicit,M/M,Draco Malfoy/Harry Potter,"Draco Malfoy, Harry Potter","Voyeurism, Community: hd_remix, Auror Partners, Masturbation, handjobs"
5050003,A Battle of Seekers,Explicit,M/M,Draco Malfoy/Harry Potter,"Draco Malfoy, Harry Potter","Quidditch, Rivals, Competition, Rough Sex, Shameless Smut"
5066737,Death By....,Teen And Up Audiences,Gen,,"Severus Snape, Remus Lupin, Albus Dumbledore, Voldemort, Sirius Black, James Potter","Humor, Crack"
5060086,Pure Intentions.,Not Rated,M/M,Harry Potter/Severus Snape,"Harry Potter, Severus Snape","Drabble, Complete, Pre-Slash, Romance, First Dates"
4940047,A Fortiori,Explicit,M/M,Lucius Malfoy/Harry Potter,"Harry Potter, Lucius Malfoy, Draco Malfoy, Narcissa Black Malfoy, Hermione Granger","Sexual Content, Murder"
4985017,Mind The Gap,Teen And Up Audiences,M/M,Draco Malfoy/Harry Potter,"Harry Potter, Draco Malfoy","Alternate Universe - Muggle, Meet-Cute, Fluff"
4944334,Self-Medicating,Mature,Gen,,"Sirius Black, Lily Evans","Implied/Referenced Alcohol Abuse/Alcoholism, Amortentia, Friendship, Emotional Hurt/Comfort"
4912564,The Half Blood Prince and the Puffapod,General Audiences,F/M,,"Severus Snape, Original Female Character(s), OC - Character, Horace Slughorn, Lily Evans Potter, James Potter","Hogwarts, Alternate Universe - Hogwarts, student, teacher, Fluff, relationships, Wizarding World, Potions, Herbology, Slug Club, Dungeon, Classroom"
5103935,Just Be,General Audiences,"Gen, M/M",Draco Malfoy/Harry Potter,"Draco Malfoy, Harry Potter, Teddy Lupin",genderfluid!Teddy
5108333,The Thinning of the Veil,General Audiences,M/M,Harry Potter/Severus Snape,"Severus Snape, Harry Potter","Light Angst, Drabble, Pre-Slash, Slash, Community: fandom_aid, Getting Together"
5095094,Tangled Up,Teen And Up Audiences,M/M,Draco Malfoy/Harry Potter,"Harry Potter, Draco Malfoy","Alternate Universe - Muggle, Meet-Cute, No Smut, Fluff"
4953283,Naming,General Audiences,Gen,"Harry Potter/Ginny Weasley, Remus Lupin/Nymphadora Tonks","Ginny Weasley, Nymphadora Tonks",Deathly Hallows missing moment
5074096,A Bully And A Troublemaker,General Audiences,F/M,James Potter/Lily Evans Potter,"Lily Evans Potter, James Potter","Romance, Marauders' Era, Oneshot, Canon Compliant"
4828082,Through the Flames We Run,Teen And Up Audiences,M/M,Draco Malfoy/Harry Potter,"Draco Malfoy, Harry Potter, Hermione Granger, Seamus Finnigan, Kingsley Shacklebolt, Gawain Robards, Original Female Character(s)","Romance, Floo Network, Pining Draco, Post-Hogwarts, Auror Draco Malfoy, Floo Network Malfunction, H/D Pottermore Fair 2015, unusual careers, HP: EWE"
5110907,For Your Pleasure,Mature,M/M,Draco Malfoy/Harry Potter,"Draco Malfoy, Harry Potter","bottom!Draco, Sub!Draco, kitty!Draco, blowjob, Anal Fingering, Toys, PWP"
4917307,Accord de le Destin,General Audiences,Gen,,"Harry Potter, Dolores Umbridge, Susan Bones","Alternate Universe, Alternate Universe - Gender Changes, female!Harry, Off-screen Character Death, Dead Body, Deal With Fate"
4974925,Strangeness and Charm,Explicit,M/M,Draco Malfoy/Harry Potter,"Draco Malfoy, Harry Potter, The Forbidden Forest - Character","8th year, POV Third Person Omniscient"
5014864,"More Like Keeping, Than Owning",General Audiences,"Gen, M/M",Harry Potter/Draco Malfoy,"Harry Potter, Draco Malfoy, Blaise Zabini, Pansy Parkinson","Puppy Play, pup!Harry, Owner!Draco, Ageplay, little!Harry, Daddy!Draco, Alive!Sirius, ALIVE!Remus, Post-Hogwarts, 24/7 pup-little!Harry, 24/7 Daddy-owner!Draco, BDSM, D/s, People know Harry is a pup-little, Collars, dom!draco, sub!Harry, Blaise has a laptop and he's probs photoshopping Draco into dresses or smt, Pansy just eats all their food, good times are had, Fluff, Couch Cuddles, Shy Harry"
5081194,Matchmakers,General Audiences,F/M,Hermione Granger/Harry Potter,"Ron Weasley, Harry Potter, Hermione Granger","Het, Romance, Getting Together, Matchmaking, Pre-Relationship, Ficlet, Community: fandom_aid"
5027881,Florean Fortescue's Ice Cream,General Audiences,Gen,,"Harry Potter, Draco Malfoy",
5055991,Severus and the Blast,Mature,M/M,Remus Lupin/Severus Snape,"Remus Lupin, Severus Snape, Harry Potter","Community: fandom_stocking, No HBP, No DH, Alternate Universe, HP: EWE, Romance, Non-explicit Shower Sex, 2011"
4931665,Call me Boring,Mature,M/M,Draco Malfoy/Harry Potter,,Smut
4929925,Lupin House,Teen And Up Audiences,M/M,Draco Malfoy/Harry Potter,"Harry Potter, Draco Malfoy, Neville Longbottom, Hermione Granger, Ron Weasley, Ginny Weasley, Luna Lovegood",
5103983,To Ask On a Date,Explicit,M/M,Draco Malfoy/Harry Potter,,
5055997,Severus and the Blast,Mature,M/M,Remus Lupin/Severus Snape,"Remus Lupin, Severus Snape, Harry Potter","Community: fandom_stocking, No HBP, No DH, Alternate Universe, HP: EWE, Romance, Non-explicit Shower Sex, 2011"
4914421,"He Knew They'd Be Forever, Whenever She Laughed",Not Rated,F/M,"James Potter/Lily Evans, Jily - Relationship","James Potter, Lily Evans, Remus Lupin",
44022420,"Lily, One of a Kind",General Audiences,Gen,,Lily Luna Potter,"Harry Potter Next Generation, Hogwarts, Teen Sitcom Shenanigans"
5104001,To Give,General Audiences,M/M,Draco Malfoy/Harry Potter,,
5084119,Tamasha,General Audiences,M/M,Draco Malfoy/Harry Potter,"Draco Malfoy, Harry Potter","Just some adolescent silliness, Hogwarts Eighth Year, Some Dirty Language, Draco has a penchant for cute nicknames"
4953406,Rochliffe Abbey,General Audiences,Gen,"Harry Potter/Ginny Weasley, Remus Lupin/Nymphadora Tonks","Ginny Weasley, Remus Lupin","Deathly Hallows missing moment, internal religious conflict"
5019733,The Last DJ,General Audiences,F/M,Angelina Johnson/Lee Jordan,"Angelina Johnson, Lee Jordan",Book 5: Harry Potter and the Order of the Phoenix
4913338,Enjoy the Show,Mature,M/M,Draco Malfoy/Harry Potter,"Draco Malfoy, Harry Potter","wanking, Basically PWP, Blow Jobs, Exhibitionism, Vouyerism"
4940962,War,Teen And Up Audiences,M/M,"Sirius Black/Remus Lupin, Sirius Black & James Potter","Sirius Black, James Potter, Remus Lupin (Mentioned)","Shoebox Project, Marauders' Era, First War with Voldemort, Drabble, Drabble Day 2015, POV Sirius"
4964830,It Happened in Silence,Explicit,M/M,Harry Potter/Severus Snape,"Severus Snape, Harry Potter","BDSM, Biting, Spanking, Face-Fucking, Rough Sex, Fantasy Fulfillment, Rope Bondage, Aftercare, No Dialogue, Wandless Magic, Wordless Magic, Consensual, Anal Sex, Anal Fingering"
5104625,The Grim,General Audiences,Gen,Sirius Black & Mary Macdonald,"Mary Macdonald, Sirius Black, Dirk Cresswell","Halloween, Hysteria, Superstition, Friendship, POV Mary Macdonald, POV Third Person, Fear, Panic, Marauders Era (Harry Potter), Mythical Beings & Creatures, Developing Relationship, Flirting, Developing Friendships"
5050837,Musings of a Cat-Kneazle Halfbreed,Not Rated,Gen,"Hermione & Crookshanks, Crookshanks & Mrs Norris, Crookshanks & McGonagall, Ginny & Crookshanks",Crookshanks (Harry Potter),really old fic
4924441,Happy Endings are Overrated,General Audiences,F/M,Scorpius Malfoy/Lily Luna Potter,"Scorpius Malfoy, Lily Luna Potter","Fluff, One Shot, Next-Gen, Harry Potter Next Generation"
5071402,The Magical Mischief-Makers,General Audiences,Gen,,"Fred Weasley, George Weasley, Remus Lupin, Sirius Black, Harry Potter, Ron Weasley","Marauders, Book 5: Harry Potter and the Order of the Phoenix"
4999717,Bonding Night,General Audiences,M/M,"Draco Malfoy/Harry Potter, Neville Longbottom/Blaise Zabini","Draco Malfoy, Harry Potter, Neville Longbottom, Blaise Zabini","Truth or Dare, Post-War, Hogwarts Eighth Year"
4920205,Chicken Soup,Mature,M/M,Harry Potter/Ron Weasley,Hermione Granger,
5009248,Topsy Turvy,Not Rated,Gen,Draco Malfoy & Harry Potter,"Harry Potter, Draco Malfoy","friendship or preslash, fluffy fluff is fluffy, Community: hp_halloween"
4949797,Dread,Teen And Up Audiences,M/M,Sirius Black/Remus Lupin,"Sirius Black, Remus Lupin","Established Relationship, Fear, First War with Voldemort, Marauders' Era, Drabble, Drabble Day 2015, Shoebox Project"
5053423,McGonagall Is Out The Building,General Audiences,,,"Minerva McGonagall, Neville Longbottom, Original Characters, Alberta Rosalind Weasly, Scorpius Malfoy, James Potter II, Sirius Potter, Remus-Lupin Potter","Because why would Harry name his kids after Snape, McGonagall is McGonogone, inspired by a tumblr post, Harry had triplets"
4960999,Enough,General Audiences,F/M,"Remus Lupin/Nymphadora Tonks, Sirius Black/Remus Lupin (past)","Remus Lupin, Nymphadora Tonks","not really a fic, but if we're being generous we can call it a, Character Study, Second Chances, Second War with Voldemort, Order of the Phoenix (Harry Potter), Love"
5029003,Envy,General Audiences,Gen,,"Ron Weasley, Harry Potter, Hermione Granger",Jealousy
4929760,There's a First Time for Everything,Mature,M/M,Lucius Malfoy/Harry Potter,,Dubious Consent
4912300,The Potter Family,General Audiences,F/M,James Potter/Lily Evans Potter,"James Potter, Lily Evans, Sirius Black, Marlene McKinnon, Harry Potter, Albus Dumbledore, Minerva McGonagall, Remus Lupin","jilytober, Cute, Sad"
4946389,"The Wizard, The Witch & The Burning Coat",General Audiences,"F/M, Gen","Gregory Goyle/Luna Lovegood, Hermione Granger/Draco Malfoy, Gregory Goyle & Draco Malfoy, Luna Lovegood & Gregory Goyle","Gregory Goyle, Luna Lovegood, Draco Malfoy, Hermione Granger","For the Cluedo/Clue Challenge on ff.net, Prompts for 'Gregory Goyle' and 'Coat' and 'Serene', Hermione is a pyromaniac who likes to set Draco's coat on fire, Luna always has the answers"
4991977,All This Time,Not Rated,F/M,"James Potter/Lily Evans, Jily - Relationship","James Potter, Lily Evans, Sirius Black, Remus Lupin, Minerva McGonagall, Horace Slughorn, Peter Pettigrew",
4949884,A Comfort in the Night,Teen And Up Audiences,M/M,Sirius Black/Remus Lupin,"Sirius Black, Remus Lupin","Marauders' Era, Shoebox Project, First War with Voldemort, Nightmares, Drabble, Drabble Day 2015, Animal Transformation"
5004094,Umbrella,Teen And Up Audiences,M/M,Draco Malfoy/Harry Potter,"Harry Potter, Draco Malfoy","Fluff, Romance, Marriage Proposal, Post Hogwarts AU"
4916998,A Friend in Need,Explicit,F/M,Harry Potter/Luna Lovegood/Ron Weasley,"Harry Potter, Luna Lovegood, Ron Weasley","Threesome, Threesome - F/M/M, Het, Vaginal Sex, Vaginal Fingering, Double Penetration, Double Vaginal Penetration, Cunnilingus, Oral Sex, Hurt/Comfort, Community: fandom_aid, Past Relationship(s)"
4909234,Wait By The Window,Teen And Up Audiences,"F/M, M/M","Sirius Black/Remus Lupin, James Potter/Lily Evans Potter","Sirius Black, Remus Lupin, James Potter, Lily Evans Potter","Marauders' Era, Marauders, Alternate Universe - Modern Setting"
5117699,Not-So-Easy Access,Teen And Up Audiences,F/M,Albus Severus Potter/Roxanne Weasley,"Albus Severus Potter, Roxanne Weasley","Halloween, Ficlet, Community: fandom_aid, Het, Getting Together, Romance, Harry Potter Next Generation, Humor"
4828631,A Steamy Affair,Teen And Up Audiences,M/M,Draco Malfoy/Harry Potter,"Draco Malfoy, Harry Potter","Digital Art, Sexual Tension, Elemental Magic, Hogwarts Era, Duelling, Water, Fire, Art, Fanart, Spells & Enchantments, H/D Pottermore Fair 2015"
5104379,Visiting Hours,General Audiences,Gen,,"Remus Lupin, Sirius Black, James Potter, Peter Pettigrew","Marauders' Era, Halloween, Friendship, Treat"
4962094,Wonder A While Longer,Not Rated,"F/M, M/M","James Potter/Lily Evans, Jily - Relationship, Sirius Black/Remus Lupin, wolfstar - Relationship, Padfoot/Moony","James Potter, Lily Evans, Sirius Black, Remus Lupin",
4968127,I Don't Care What People Say When We're Together (You Know I Wanna be the One to Hold You When You Sleep),General Audiences,"F/M, M/M","Draco Malfoy/Harry Potter, Hermione Granger/Ron Weasley",,
4994137,Sleep Through The Night,Not Rated,Other,Harry Potter/Ron Weasley,,"No Romance, Hogwarts Third Year"
5055952,This Piece of Shit does WHAT Now?,General Audiences,Gen,,"George Weasley, Fred Weasley, Argus Filch, Mrs. Norris, Severus Snape, Padfoot, Moony, Prongs, Wormtail","Harry Potter AU, Marauder AU, Feorge AU, Gred AU"
5025751,Dear Minnie,General Audiences,Gen,Minerva McGonagall & Harry Potter,"Minerva McGonagall, Harry Potter","Alternate Universe - Canon Divergence, Adoption, Fix-It, Epistolary, Trope Bingo Round 5, Fluff, Podfic Available"
5020063,Isn't It Ironic?,Teen And Up Audiences,F/M,"Pansy Parkinson/Harry Potter, Hermione Granger/Draco Malfoy, Ginny Weasley/Blaise Zabini","Pansy Parkinson, Harry Potter, Hermione Granger, Blaise Zabini, Mrs. Parkinson, Original Female Character(s)","I DO NOT GIVE PERMISSION FOR MY WORKS TO BE TRANSLATED, I DO NOT GIVE PERMISSION FOR MY WORKS TO BE BOUND FOR PROFIT, I DO NOT GIVE PERMISSION FOR MY WORKS TO BE REPOSTED TO ANOTHER SITE, I DO NOT GIVE PERMISSION FOR MY WORKS TO BE PRINTED OUT AND SOLD TO OTHERS IN ANY FORMAT"
5104028,To Rim,Explicit,,Draco Malfoy/Harry Potter,,"Rimming, Explicit Sex"
4946401,Our Very Own Sirius Black,Teen And Up Audiences,M/M,"Sirius Black/Remus Lupin, Sirius Black & James Potter","Sirius Black, Remus Lupin, James Potter, Peter Pettigrew, Charlus Potter, Dorea Black Potter","Angst, Emotional Hurt/Comfort, Hurt/Comfort, Family, Friendship, First Kiss, Animagus, Pining, marauder era"
4946188,Blindly Forward,General Audiences,Gen,Sirius Black & Harry Potter,"Sirius Black, Harry Potter, Albus Dumbledore, Poppy Pomfrey, Original Characters, Ron Weasley, Hermione Granger","Angst, Emotional Hurt/Comfort, Family, Past Child Abuse, Alternate Universe - Canon Divergence, Alternate Year Five, Order of the Phoenix AU"
5033800,Rose Weasley's Club for Disappointments and Outcasts,General Audiences,"F/M, M/M","Scorpius Malfoy/Rose Weasley, Hermione Granger/Ron Weasley, Harry Potter/Draco Malfoy (implied), James Sirius Potter/Teddy Lupin (implied)","Scorpius Malfoy, Rose Weasley, Albus Severus Potter, Hermione Granger, Ron Weasley, George Weasley, Harry Potter, Draco Malfoy","This is a Scorose request fill, just a short fluffy thing, and all other implied pairings are very minor, Rose Weasley is a Slytherin, Scorpius Malfoy is a Hufflepuff, And Albus Severus did not inheret his father's good looks"
4941829,A Bloody Good Party,General Audiences,M/M,"Sirius Black/Remus Lupin, Sirius Black & James Potter","Remus Lupin, Sirius Black, James Potter, three nameless strippers, a band called Skreach!","Stag Nights & Bachelor Parties, Glitter, Friendship, Grooming, Animal Transformation, Marauders' Era, Marauders Friendship, Drabble, Drabble Day 2015, Shoebox Project"
32472148,A Better Afterlife,General Audiences,Gen,,"Muriel (Harry Potter), Bathilda Bagshot","Community: hp_halloween, Double Drabble"
4954498,Date Night: Summer Hols,Mature,M/M,"Draco Malfoy/Harry Potter, Draco Malfoy & Harry Potter","Draco Malfoy, Harry Potter, Dudley Dursley, Petunia Evans Dursley, Vernon Dursley, Marge Dursley","Anal Sex, Anal Fingering, Blow Jobs, Rape Fantasy, Texting, Passive-aggression, Humor, Angst, Fluff, Implied/Referenced Child Abuse"
5095934,Next Of Kin,Teen And Up Audiences,M/M,Draco Malfoy/Harry Potter,"Harry Potter, Draco Malfoy","Alternate Universe - Muggle, Breaking Up & Making Up, Prompt Fic, Fluff, Angst, Fluff and Angst, Angst with a Happy Ending, Happy Ending"
5102135,Acolyte of Asclepius,General Audiences,Gen,,OMC,"Parselmouths, Magical Diseases"
5104580,Kiss Cam,General Audiences,F/M,James Potter/Lily Evans Potter,"James Potter, Lily Evans Potter",
5094914,Odorless,Teen And Up Audiences,F/M,Minerva McGonagall/Tom Riddle,"Tom Riddle, Minerva McGonagall, Horace Slughorn","Amortentia, Sociopathy, Cigars, Broken Hearts"
5083699,Playing Alone,General Audiences,F/M,Hermione Granger/Ron Weasley,"Ron Weasley, Hermione Granger, Harry Potter",Community: writerverse
5073769,Young And Whole,General Audiences,M/M,Sirius Black/Remus Lupin,"Remus Lupin, Sirius Black, Buckbeak (Harry Potter), Severus Snape, Nymphadora Tonks, Alastor ""Mad-Eye"" Moody, Kingsley Shacklebolt","1996, Grimmauld Place, Doubt"
5049211,autophobia,Teen And Up Audiences,"F/F, F/M","Bellatrix Black Lestrange/Andromeda Black Tonks, Andromeda Black Tonks/Ted Tonks","Andromeda Black Tonks, Bellatrix Black Lestrange, Druella Rosier Black, Ted Tonks, Lucius Malfoy","Codependency, Sibling Incest, Pureblood Society"
4910395,For Ravenclaw,General Audiences,Gen,,Hogwarts School of Witchcraft and Wizardry (Harry Potter),"Drabble, Rants"
5114075,Three Halloweens,Mature,F/F,Hermione Granger/Pansy Parkinson,"Hermione Granger, Pansy Parkinson, Ginny Weasley","Halloween, Pre-Relationship, Pining, Post-Deathly Hallows, HP: EWE, Mild Sexual Content"
5054179,Only You,Not Rated,M/M,"Draco Malfoy/Harry Potter, Dean Thomas/Seamus Finnegan","Draco Malfoy, Harry Potter, Dean Thomas, Ron Weasley, Seamus Finnigan, Hermione Granger, Narcissa Black Malfoy, random girl",8th year fic
5100902,"And so my darling, this is how the empire collapses.",Teen And Up Audiences,F/M,"James Potter/Lily Evans Potter, James Potter & Lily Evans Potter","James Potter, Lily Evans Potter",
4979770,When We Becomes I,Teen And Up Audiences,Gen,,"George Weasley, Molly Weasley, Verity (Harry Potter), Arthur Weasley, Bill Weasley, Fleur Delacour, Charlie Weasley, Percy Weasley, Ginny Weasley, Winky (Harry Potter)","Post-Battle of Hogwarts, Grief/Mourning"
5104037,Be Ok,General Audiences,M/M,Draco Malfoy/Harry Potter,,"PTSD, Depression, Angst"
5001502,Wizard's Kama Sutra,Teen And Up Audiences,F/M,James Potter/Lily Evans Potter,"James Potter, Lily Evans Potter",
5002069,The Horsemen of Hogwarts,General Audiences,Gen,,"Harry Potter, Hermione Granger, Ron Weasley, Draco Malfoy","Four Horsemen, Not Epilogue Compliant"
5050816,This is how it happened...,Not Rated,F/M,RLxNT,"Remus Lupin, Nymphadora Tonks, Peeves (Harry Potter)",really old fic
5057212,eye of the beholder,Teen And Up Audiences,M/M,Sirius Black/Remus Lupin,"Remus Lupin, Harry Potter, Sirius Black","wolfstar, Angst, Drabble"
5030554,All My Dreams Fulfilled,General Audiences,F/M,Sirius Black/Mary Macdonald,"Sirius Black, Mary Macdonald","Dancing, Slow Dancing, Love, Romance, Romantic Fluff, Fluff, One True Pairing, POV Sirius Black, Marauders Era (Harry Potter), Romantic Gestures, POV Third Person, Flirting, Warm and Fuzzy Feelings"
5088064,Our Secret,Teen And Up Audiences,"F/M, M/M","Harry Potter/Bill Weasley, Harry Potter/Ginny Weasley","Bill Weasley, Harry Potter, Ginny Weasley","I DO NOT GIVE PERMISSION FOR MY WORKS TO BE TRANSLATED, I DO NOT GIVE PERMISSION FOR MY WORKS TO BE BOUND FOR PROFIT, I DO NOT GIVE PERMISSION FOR MY WORKS TO BE REPOSTED TO ANOTHER SITE, I DO NOT GIVE PERMISSION FOR MY WORKS TO BE PRINTED OUT AND SOLD TO OTHERS IN ANY FORMAT"
5113484,Empty,Teen And Up Audiences,Gen,Lucius Malfoy/Narcissa Black Malfoy,"Narcissa Black Malfoy, Bellatrix Black Lestrange","Post-Traumatic Stress Disorder - PTSD, Post-Second War with Voldemort, Canonical Character Death, Grief/Mourning, Recovery, Azkaban"
5047471,Damsels Need Not Be In Distress,Teen And Up Audiences,F/F,"Luna Lovegood/Pansy Parkinson, Luna Lovegood & Pansy Parkinson, Draco Malfoy/Harry Potter (side)","Luna Lovegood, Pansy Parkinson, Draco Malfoy","Fluff, Kinda, Pre-Slash, Friendship, Muggle Fairy Tales, (Not an AU though), Rated up a little for language"
5036989,Sons of the Silent Age [Autumn],Teen And Up Audiences,M/M,Sirius Black/Remus Lupin,"Sirius Black, Remus Lupin, James Potter","MWPP-era, Canon Compliant, Unrequited Love"
4937746,Fantasy or Reality,Explicit,F/M,,"Scabior (Harry Potter), Orginal female character (s)",Food Sex
4990054,Why Pigs?,General Audiences,Gen,n/a,"Portrait Circe (Harry Potter), Hermione Granger","Canon Compliant, Hogwarts, Humor"
13634049,Coffee date,General Audiences,"Gen, M/M",,"Lee Jordan, Marcus Flint","Drabble, Drabble Day 2015"
4958650,Beating hearts and hungry lips,Teen And Up Audiences,F/F,Pansy Parkinson/Ginny Weasley,"Harry Potter, Draco Malfoy","Fluff, First Dates, Muggle Wear"
4955755,Of Rainy Days and Wizards,Explicit,M/M,"Neville Longbottom/Blaise Zabini, Draco Malfoy/Harry Potter","Neville Longbottom, Blaise Zabini, Harry Potter, Draco Malfoy","Alternate Universe - Post-War, Light Dom/sub, Anal Sex, Orgasm Control, Past Violence, Emotional Hurt/Comfort, Scars, Slash, Fluff, One Shot"
5082778,Wild,Mature,M/M,Scorpius Malfoy/Albus Severus Potter,"Scorpius Malfoy, Albus Severus Potter","wild, drabble challenge, Fluff, quasi-fluff, cuteness, Established Relationship, Malfoy Manor, Sex, Pancakes, naked cooking, Albius - Freeform, Rockstar!Albus, POV First Person"
5050849,Aberforth's Revenge,Not Rated,Gen,,"Aberforth Dumbledore, Albus Dumbledore, Voldemort","really old fic, Crack, jfc what was past me smoking"
5101361,Timer,Teen And Up Audiences,M/M,"Draco Malfoy/Harry Potter, Hermione Granger/Ron Weasley","Harry Potter, Draco Malfoy, Hermione Granger, Ron Weasley","Alternate Universe - Canon Divergence, Soulmate-Identifying Timers, Alternate Universe - Soulmates, Soulmates, Fluff, Fluff and Angst, Angst, Happy Ending, Hogwarts Eighth Year"
4923691,Childish Dreams,General Audiences,"F/M, Gen","James Potter/Lily Evans Potter, Euphemia Potter/Fleamont Potter","James Potter, Lily Evans Potter, Petunia Evans Dursley",Kid Fic
4916824,Letters from a Werewolf Mate,Teen And Up Audiences,M/M,Draco Malfoy/Harry Potter,,"Creature Fic, Werewolf Mates, Werewolf"
5045584,Voldemort's Brownies,General Audiences,Gen,,"Voldemort, Severus Snape, Lucius Malfoy","Slightly crack, Brownies, Death Eaters"
4964683,Touch the Ground,Mature,F/F,Hermione Granger/Pansy Parkinson,"Harry Potter, Draco Malfoy","No Dialogue, Fingerfucking, Outdoor Sex, Slow Dancing"
4927591,A Bag of Ginger Newts (one-shot),General Audiences,F/M,"dramione, Hermione Granger/Draco Malfoy","Hermione Granger, Draco Malfoy","Library, Studying, Owls, Hogwarts, Order of the Phoenix (Harry Potter)"
5089454,The Interruption,General Audiences,F/M,,"Severus Snape, Hermione Granger, Harry Potter, Ron Weasley, Poppy Pomfrey, Neville Longbottom, Original Character, Minerva McGonagall",
4907056,The Fight,Explicit,M/M,Draco Malfoy/Harry Potter,"Pansy Parkinson, Hermione Granger","Silly Fights, best friends making it better, Slight Smut, Established Relationship"
4950880,It Won't Be Long,Teen And Up Audiences,M/M,Sirius Black/James Potter,"James Potter, Sirius Black","Hurt/Comfort, Emotional Hurt/Comfort, Coming Out, Friends to Lovers, Sharing a Bed, Cuddling, Marauders' Era, Starbuck - Freeform, Homophobia, Happy Ending"
4938541,her ladder to the stars,General Audiences,F/M,Fleur Delacour/Bill Weasley,"Fleur Delacour, Bill Weasley, Harry Potter, Molly Weasley, George Weasley, Arthur Weasley, Ginny Weasley",
4943413,Journeys,Teen And Up Audiences,Gen,,"Morag MacDougal, Mrs MacDougal (Harry Potter)","Self-Harm, Implied/Referenced Self-Harm, Suicidal Thoughts, Hospitalization, Hurt/Comfort"
5036710,Perfect,Not Rated,F/M,"James Potter/Lily Evans Potter, Sirius Black & Lily Evans Potter","James Potter, Sirius Black, Lily Evans Potter","Emotional Hurt/Comfort, Friendship"
4976800,Potions,Teen And Up Audiences,"F/F, F/M, M/M","Draco Malfoy/Harry Potter, Pansy Parkinson/Ginny Weasley, Hermione Granger/Ron Weasley, Seamus Finnigan/Dean Thomas","Draco Malfoy, Harry Potter, Ron Weasley, Hermione Granger, Dean Thomas, Seamus Finnigan, Pansy Parkinson, Ginny Weasley, Neville Longbottom, Blaise Zabini, Gregory Goyle, Horace Slughorn","Potions, Hogwarts Eighth Year"
5091125,McGonagall's Files,General Audiences,F/M,James Potter/Lily Evans Potter,"Remus Lupin, James Potter, Lily Evans Potter","cuteness, Fluff, Humor, No Plot/Plotless"
4920298,Ron Weasley and the Quest for the Giant Foreskin,Explicit,M/M,Harry Potter/Ron Weasley,,"holy shit, totally ridiculous, Oral Sex, wanking, Skinny Dipping, Foreskin Play"
5060884,Valentine's Day,General Audiences,F/M,James Potter/Lily Evans Potter,"James Potter, Lily Evans Potter, Marlene McKinnon, Sirius Black, Remus Lupin, Amos Diggory",
4953541,Tonks,General Audiences,Gen,,"Sirius Black, Remus Lupin, Nymphadora Tonks","Marauders' Era, Young Tonks, First Crush, Cute"
5042020,Put Your Arm 'Round My Collarbone,General Audiences,M/M,Sirius Black/Remus Lupin,"Sirius Black, Remus Lupin, Kreacher (Harry Potter), Portrait Walburga Black","Late at Night, 1996, Drinking"
5085763,To Find a Place to Call His Own,General Audiences,Gen,,"Neville Longbottom, Augusta Longbottom, Hermione Granger, Harry Potter, Ron Weasley, Dean Thomas","Canon Compliant, Hogwarts First Year, Angst, Retelling"
5076100,Spying For A Cause,General Audiences,Gen,,"Hermione Granger, Ron Weasley, Ginny Weasley, Harry Potter, Albus Dumbledore","Parody, Manipulative Dumbledore, Drama, Friendship, Manipulation, Scheming, Everything's Better When Friends Plot Together"
4924303,For Your Eyes Only,General Audiences,F/M,Lily Evans Potter/Severus Snape,"Lily Evans Potter, Severus Snape",First Love
5005840,Terrierific Adventures,Mature,Multi,"Arthur Weasley/Molly Weasley, Fleur Delacour/Bill Weasley, Charlie Weasley/Neville Longbottom/Seamus Finnigan, Harry Potter/Ginny Weasley","Ron Weasley, George Weasley, Arthur Weasley, Molly Weasley, Ginny Weasley, Harry Potter, Charlie Weasley, Bill Weasley, Fleur Delacour, Neville Longbottom, Seamus Finnigan, Hermione Granger","Wax Play, Bondage, Cuddling & Snuggling"
4939720,The Anniversary,General Audiences,"F/M, Gen",James Potter/Lily Evans Potter,"James Potter, Lily Evans Potter, Sirius Black, Remus Lupin, Peter Pettigrew","Best Friends, Male Friendship"
5060716,A Tale of Ferris Wheels and Mustaches,General Audiences,F/M,"James Potter/Lily Evans Potter, James/Lily","James Potter, Lily Evans Potter","Fluff, Happy Ending, an embarrassing attempt at writing something cute by yours truly"
4978771,Versatee,General Audiences,F/M,Luna Lovegood/Draco Malfoy,"Draco Malfoy, Luna Lovegood","Oneshot, Emotional Hurt/Comfort, Book 6: Harry Potter and the Half-Blood Prince, Romance"
5004742,Soft Spot,Explicit,M/M,Draco Malfoy/Harry Potter,"Harry Potter, Draco Malfoy","Post Hogwarts AU, Established Relationship, Comfort/Angst, Fluff and Smut, Smut, Porn With Plot, Porn with Feelings, Body Image, Love, Boys In Love, Boys Kissing, Oral Sex, Frottage"
4956796,Perfect For Her,Explicit,F/M,Lucius Malfoy/Narcissa Black Malfoy,"Lucius Malfoy, Narcissa Black Malfoy, Draco Malfoy","Don't copy to another site, Bonding, Wings, Sex, Veela Lucius Malfoy, Veela Mates"
5003650,alive,General Audiences,F/M,James Potter/Lily Evans Potter,"James Potter, Lily Evans Potter, Sirius Black","Alternate Universe - Canon Divergence, Hurt/Comfort"
4969609,The Time To Choose,Teen And Up Audiences,"F/M, Multi","Hermione Granger/Lucius Malfoy, Hermione Granger/Draco Malfoy","Hermione Granger, Lucius Malfoy, Draco Malfoy","Romance, Angst, Love Triangles, No Dialogue, HP: EWE, Alternate Universe, Mild Sexual Content"
5116244,Paint It BLACK - This is James Potter,Explicit,M/M,Sirius Black/James Potter,"James Potter, Sirius Black, Remus Lupin","Romance, Angst, Not together Sirius/Remus"
4940674,Take Care,Teen And Up Audiences,Gen,Neville Longbottom & Minerva McGonagall,"Neville Longbottom, Minerva McGonagall","Mentor Minerva McGonagall, Mentor/Protege, Book 7: Harry Potter and the Deathly Hallows, Missing Scene"
5663020,Red Ribbon,General Audiences,Gen,"Hermione Granger & Rose Weasley, Hermione Granger & Hugo Weasley","Hermione Granger, Rose Weasley, Hugo Weasley","Community: hp_halloween, HP: Epilogue Compliant, Double Drabble, Parenthood, Halloween"
4911331,Let the lover be,Explicit,M/M,Draco Malfoy/Severus Snape,,"Pointless PWP, HP: EWE, PWP, Plot What Plot/Porn Without Plot, Age Difference, Alternate Universe - Magic, Community: snaco_soiree"
5037379,Payback,General Audiences,M/M,Sirius Black/Remus Lupin,"Sirius Black, Remus Lupin","Drabble Day 2015, Shoebox Project, Massage, Marauders' Era"
7659652,Flushed with Embarassment,Teen And Up Audiences,F/M,Hermione Granger/Severus Snape,"Moaning Myrtle, Minerva McGonagall, Sybill Trelawney, Severus Snape, Hermione Granger","Drabble, HP: EWE, Post-Canon"
5025730,Hallowed Divination,Teen And Up Audiences,F/M,"Draco Malfoy/Pansy Parkinson, Luna Lovegood & Draco Malfoy","Draco Malfoy, Luna Lovegood, Pansy Parkinson, Gregory Goyle, Vincent Crabbe, Sybill Trelawney, Firenze (Harry Potter), Poppy Pomfrey, Albus Dumbledore",
5067007,sparkle still the right Promethean fire,General Audiences,F/M,Hermione Granger/Viktor Krum,"Hermione Granger, Viktor Krum, Crookshanks (Harry Potter)","Domestic Fluff, Hermione the Arithmancy Professor, Future Fic, Slice of Life"
5012140,Silver Spoons,Teen And Up Audiences,Other,Andromeda Black Tonks/Ted Tonks,"Andromeda Black Tonks, Narcissa Black Malfoy","Coming of Age, Marauders' Era, Family Drama"
5000404,Ranunculus and white Carnations,General Audiences,M/M,"Sirius Black/Remus Lupin, James Potter/Lily Evans Potter","Remus Lupin, Sirius Black, Lily Evans Potter, James Potter","implied James Potter/Lily Evans Potter - Freeform, Florist Remus, Florist AU"
4962928,The Breeding Lies,General Audiences,Gen,,Bertha Jorkins,"Memory Loss, Memory Alteration, Pre-Goblet of Fire, Autumn, 31 Days of October, Lemon Meringue Pie"
5016523,Inspired by Actual Documented Accounts...,Teen And Up Audiences,F/F,Hermione Granger/Luna Lovegood,"Hermione Granger, Luna Lovegood, Minerva McGonagall","Alternate Universe - X-Files Fusion, Case Fic, Magic, Femslash, First Kiss"
5050375,In Which Hermione Potter Discovers the Muggles Have Made a Holiday of her Birthday,Teen And Up Audiences,"F/F, F/M, Multi",Millicent Bulstrode/Hermione Granger/Luna Lovegood/Harry Potter/Ginny Weasley,"Luna Lovegood, Hermione Granger, Harry Potter, Ginny Weasley, Millicent Bulstrode","Not Epilogue Compliant, Letters of Marque and Reprisal, Privateer does not equal pirate, Privateer  Pirate, Hermione would like to remind you that privateering is not piracy, Hermione's birthday, International Talk Like A Pirate Day, Post-Hogwarts, Birthday, Tin Foil Hats, Exactly What It Says on the Tin"
4845950,Sunset,General Audiences,M/M,Draco Malfoy/Charlie Weasley,"Draco Malfoy, Charlie Weasley","First Dates, First Kiss, Getting Together, Storms, Sunsets, Picnics, Fluff, Post-Canon, Romanian Dragon Reserve, Dragons"
5104331,Rollercoaster,General Audiences,F/M,"Scorpius Malfoy/Rose Weasley, Albus Severus Potter/Original Female Character(s)","Scorpius Malfoy, Rose Weasley, Albus Severus Potter, Original Female Character(s)",
4990201,Creep,General Audiences,F/M,James Potter/Lily Evans Potter,"James Potter, Lily Evans Potter, Sirius Black, Marlene McKinnon, Remus Lupin, Dorcas Meadowes, Frank Longbottom, Alice Longbottom",Alternate Universe - Modern Setting
4992382,Willing,Explicit,M/M,Draco Malfoy/Harry Potter,"Harry Potter, Draco Malfoy","Dirty Talk, Anal Sex, Anal Fingering, Bottom Draco, Plot What Plot/Porn Without Plot, i was just gonna have a quick wank and then get back to my work, but that turned into a two hour fic writing session, RIP my degree, D/s undertones, cockslut draco"
4991032,The Greatest April Fools Joke,General Audiences,Gen,,"Sirius Black, Remus Lupin, James Potter, Peter Pettigrew","Vignette, Community: wellymuck"
5117906,Of Butterbeer and Boggarts,General Audiences,F/M,"Luna Lovegood/Harry Potter, Hermione Granger/Ron Weasley","Hermione Granger, Luna Lovegood","Halloween, A Very Weasley Halloween, Intoxicated Quidditch, Friendship, Fluff, Trick or Treat - extra treat"
5116199,Naming Rights,General Audiences,F/M,George Weasley/Padma Patil,"Padma Patil, George Weasley, Fred Weasley","Weasleys' Wizard Wheezes, Career Change, Female Character of Color, Female Protagonist"
4992409,February Fun,General Audiences,Gen,,"Fred Weasley, George Weasley, Lee Jordan, Angelina Johnson, Ron Weasley, Severus Snape, Gilderoy Lockhart, Minerva McGonagall, Albus Dumbledore","Hogwarts Second Year, Food Fight, Fun"
4934320,"""For about three years, give or take.""",Teen And Up Audiences,M/M,wolfstar - Relationship,"Remus Lupin, Sirius Black, James Potter, Peter Pettigrew, Lily Evans Potter, Gideon Prewett","I am such t r a s h, my smol children, im lying I'm a 15 year old virgin boy they are not my children, i can't write smut for the life of me so I didn't ::::))))), Boys Kissing Boys, Fluff, Recreational Drug Use, getting turnt af, what am I even doing, Let's pretend wizards know what weed is, And that Voldemort just didn't happen"
4973206,Whiskey Smoke,Explicit,F/M,Hermione Granger/Charlie Weasley,"Hermione Granger, Charlie Weasley, Ron Weasley, Harry Potter","Public Sex, Public Nudity, Exhibitionism, Explicit Language, Cigarettes, casual disregard for anti-smoking laws, Illegal Activities, Plot What Plot/Porn Without Plot"
4910998,It's Never Too Late to Start,Mature,M/M,Draco Malfoy/Severus Snape,"Severus Snape, Draco Malfoy","Past Relationship(s), Canon Het Relationship, HP: Epilogue Compliant, Implied/Referenced Character Death, Slash, Older Characters, Bisexuality, Past Astoria Greengrass/Draco Malfoy, Hand Jobs"
4907902,Gifted,General Audiences,"Gen, M/M","Draco Malfoy/Theodore Nott, Astoria Greengrass/Draco Malfoy, Scorpius Malfoy/Albus Severus Potter","Scorpius Malfoy, Draco Malfoy, Astoria Greengrass, Narcissa Black Malfoy, Andromeda Black Tonks, Teddy Lupin, Lucius Malfoy, Blaise Zabini, Pansy Parkinson, Daphne Greengrass, Theodore Nott, Tracey Davis, Millicent Bulstrode, Gregory Goyle, Graham Montague","verse, Poetry, Epic Poetry, Birthday, MISTI-con"
5108951,As Far As The Horizon,Teen And Up Audiences,F/F,Luna Lovegood/Ginny Weasley,"Ginny Weasley, Luna Lovegood","Alternate Universe - Post-War, The Quibbler, Newspaper Editor!Luna, Quidditch Player Ginny Weasley, Domestic, young adulthood, Beaches, Trauma, Emotional Support, Traumaversary, Rockpool, Cold Weather, Kissing"
4918066,Trust and Understanding,General Audiences,M/M,Draco Malfoy/Charlie Weasley,"Draco Malfoy, Charlie Weasley","Werewolf, Alternate Universe - Werewolf, Post-Deathly Hallows, Getting Together, First Kiss, Confusion, Worry, Werewolf Draco, the wizarding world hates werewolves, Minor Violence, mentions of Fenrir Greyback, Perevod na russkii | Translation in Russian"
5033254,The Eye of the Storm,Teen And Up Audiences,M/M,Sirius Black/Remus Lupin,"Remus Lupin, Sirius Black, James Potter, Peter Pettigrew",
5025739,His Reflection,General Audiences,M/M,"Sirius Black/Remus Lupin, Remus Lupin/James Potter, James Potter & Lily Evans Potter, Implied Sirius/Lily",,"Cheating, Angst, Hurt No Comfort, Hurt, Seriously not a happy time guys, James is a prat, Jealous James, Poor Remus"
5072839,Somewhere In Between,Teen And Up Audiences,M/M,Teddy Lupin/James Sirius Potter,"Teddy Lupin, James Sirius Potter","Drabble, Unrequited Love, Not Actually Unrequited Love, Angst, Friends With Benefits"
4893550,Lumos Solem,General Audiences,Gen,Rose Weasley & Albus Severus Potter,"Rose Weasley, Albus Severus Potter, Slytherin Student(s), Gryffindor Student(s), James Sirius Potter, Scorpius Malfoy, Portrait Severus Snape","Next Generation, Emotional Hurt/Comfort, Discrimination, Protectiveness"
4975921,Brothers,General Audiences,Gen,Aberforth Dumbledore & Albus Dumbledore,,
4961170,10 Reasons Why James Wouldn't Date Teddy,General Audiences,M/M,Teddy Lupin/James Sirius Potter,"James Sirius Potter, Teddy Lupin, Victoire Weasley","past teddy/victoire - Freeform, poem, 10 reasons"
4965694,One Afternoon,Teen And Up Audiences,Gen,"Poppy Pomfrey & Severus Snape, Eileen Prince & Severus Snape, Eileen Prince/Tobias Snape","Poppy Pomfrey, Severus Snape, Eileen Prince, Lucius Malfoy","Canon Compliant, Pre-Marauders' Era, Child Abuse, Kid Fic"
4948312,Meeting the Parents,General Audiences,F/F,Daphne Greengrass/Padma Patil,,
5125250,All The Way,General Audiences,F/M,Hermione Granger/Fred Weasley,,
5103785,For Your Good Health,General Audiences,M/M,Neville Longbottom/Blaise Zabini,,
4916302,Therapy,General Audiences,Gen,,"Hermione Granger, Blaise Zabini",
5103665,october & april,Mature,F/M,Scorpius Malfoy/Dominique Weasley,"Scorpius Malfoy, Dominique Weasley, Rose Weasley, Albus Severus Potter",Angst with a Happy Ending
4931044,Founders' Beliefs,General Audiences,Gen,,"Godric Gryffindor, Rowena Ravenclaw, Salazar Slytherin, Helga Hufflepuff, Hogwarts School of Witchcraft and Wizardry (Harry Potter)","Abstract, Musing, what did i write, This is why you don't write late at night., Hogwarts, Founders, Founders' Values, House Traits, Different perspectives"
5064355,Here There Be Dragons,General Audiences,Gen,,Charlie Weasley,Slice of Life
4981537,Express Yourself,Teen And Up Audiences,F/M,George Weasley/Original Female Character(s),"George Weasley, Fred Weasley","One Shot, Fred Lives, Post-Second War with Voldemort, Love Confessions, Surprise Kissing"
4942060,Wrappers,General Audiences,"F/M, Gen","Hannah Abbott/Neville Longbottom, Neville Longbottom & Original Female Character(s)","Hannah Abbott, Neville Longbottom, Original Female Character(s)","Next-Gen, Harry Potter Next Generation, Original Character(s), POV Original Character, Kid Fic, Uncle-Niece Relationship, Bonding"
4959574,"And Then, A Summer Rain.",General Audiences,M/M,Sirius Black/Remus Lupin,"Sirius Black, Remus Lupin","hugging it out is definitely the solution, bookverse, Prisoner of Azkaban, HP - Freeform, Angst, Oneshot, may become part of a series, I have a lot of Wolfstar feelings, wolfstar"
4913311,Epilogus iugis  - Frederick,General Audiences,Gen,,"Percy Weasley, Frederick Albus Weasley (OC)",
5041405,"Not so easy, this apparition thing",General Audiences,Gen,,"Charlie Weasley, Bill Weasley, Nymphadora Tonks",
5066734,Adjustments,Mature,M/M,Albus Dumbledore/Severus Snape,"Albus Dumbledore, Severus Snape",
2474153,More Than Worth It,Explicit,F/M,Hermione Granger/Ron Weasley,"Hermione Granger, Ron Weasley, Harry Potter (mentioned), George Weasley (Mentioned), Ginny Weasley (mentioned)","Shameless Smut, Christmas, New Year's Eve, Vaginal Sex, Vaginal Fingering, Masturbation, Mutual Masturbation, Gift Giving, Sex Toys, Vibrators, Oral Sex, Cunnilingus, Blow Jobs, Woman on Top, Awkward Sexual Situations, Canon Compliant, Canon Universe, Black Hermione Granger, POV Hermione Granger, POV Female Character, First Orgasm, POC Hermione Granger, Explicit Consent, Large Cock"
22226659,Undercover,General Audiences,F/M,James Potter/Lily Evans Potter,,"Alternate Universe - Spies & Secret Agents, Alternate Universe - Teachers, Undercover, Fluff and Humor, Flirting, Alternate Universe - Modern Setting, Alternate Universe - Muggle"
5014825,The Dog Toys | Wolfstar,Explicit,M/M,Sirius Black/Remus Lupin,"Sirius Black, Remus Lupin, James Potter","Safe Sane and Consensual, BDSM, Cock Rings, Handcuffs, Versatile Sirius Black, Versatile Remus Lupin, Dirty Talk, Marking, Biting, Traffic Lights System Sex, blowjob, Rough Sex, Desk Sex, Anal Sex, Condom, Teasing, Masterbation, sir, Praise, seventh year marauders"
5056042,Are you going to hit me?,General Audiences,M/M,James Potter/Severus Snape,"James Potter, Severus Snape","Why the hekk would you cancel a date with sev??, Wait this gets deep real fast, dont be a jerk, james please, Dont hit me, Abusive Family, Stupid quidditch, Stop kissing girls"
4990975,Halfway,General Audiences,F/F,Hermione Granger/Luna Lovegood,"Luna Lovegood, Hermione Granger",
4951615,Perks of Having a Slytherin as a Roommate,Explicit,M/M,Albus Severus Potter/Scorpius Malfoy,"Albus Severus Potter, Scorpius Malfoy","Alternate Universe - College/University, Mild Smut, fluff?, Albus ignoring Scorpius, or trying to anyways, use your imagination at the end, Blow Jobs"
5019664,"My Heart, My Home",General Audiences,F/M,Remus Lupin/Nymphadora Tonks,"Remus Lupin, Nymphadora Tonks",Poetry
4969249,Small Things,General Audiences,F/M,Remus Lupin/Nymphadora Tonks,"Remus Lupin, Nymphadora Tonks",Remadora
4924414,The Present,General Audiences,F/M,Bellatrix Black Lestrange/Rodolphus Lestrange,"Bellatrix Black Lestrange, Rodolphus Lestrange",
5023024,His Guardian Angels,Teen And Up Audiences,"F/M, M/M","Sirius Black/Remus Lupin, James Potter/Lily Evans Potter","Sirius Black, Remus Lupin, Bellatrix Black Lestrange, James Potter, Lily Evans Potter","Alternate Universe - Canon Divergence, Attempt at Humor, Hopeful Ending, Animagus, Sick Character, Hospitalization, Supernatural Elements, Implied Sexual Content"
4924174,Dance With Me,General Audiences,F/M,Luna Lovegood/Draco Malfoy,"Draco Malfoy, Luna Lovegood",Fluff
5118422,A Cold Autumn Wind,General Audiences,F/M,Hermione Granger/Ron Weasley,"Hermione Granger, Ron Weasley",
5094305,Flat Hunting,General Audiences,M/M,Sirius Black/Remus Lupin,"Sirius Black, James Potter, Remus Lupin","Pre-Slash, Alternate Universe - Modern Setting, Alternate Universe - Non-Magical"
5105795,outside.,General Audiences,F/F,Hermione Granger/Luna Lovegood,"Hermione Granger, Luna Lovegood",
4916329,Stargazing,Mature,M/M,"Sirius Black/Remus Lupin, wolfstar - Relationship","Remus Lupin, Sirius Black, Peter Pettigrew, James Potter","Alternate Universe - Muggle, Muggle AU, Summer Camp, Alternate Universe - Summer Camp"
4926748,My Name is Sirius,General Audiences,Gen,,"Sirius Black, Minerva McGonagall","Trans, Trans Character, Trans Male Character, Trans Sirius Black"
4986670,Christmas Weasley Chess,General Audiences,Gen,,"Fred Weasley, George Weasley, Ron Weasley, Ginny Weasley",
4974445,all of him,Explicit,M/M,Sirius Black/Remus Lupin,"Sirius Black, Remus Lupin","Smut, Romance"
5020330,get your act together we could be just fine,Teen And Up Audiences,F/F,Fleur Delacour/Nymphadora Tonks,"Fleur Delacour, Nymphadora Tonks",
5003524,All the Wisdom of Your Ways,General Audiences,F/M,Hermione Granger/Severus Snape,"Severus Snape, Hermione Granger",Het
4957810,Three's a Crowd,Explicit,M/M,"Sirius Black/Remus Lupin, Sirius Black/James Potter, Remus Lupin/James Potter, Sirius Black/Remus Lupin/James Potter","Sirius Black, James Potter, Remus Lupin","Threesome - M/M/M, Light Dom/sub, sub Remus, Dom Sirius, Anal Sex, Blow Jobs, Blindfolds, Aftercare"
5037160,came forth sweetness,Teen And Up Audiences,M/M,Remus Lupin/Severus Snape,"Remus Lupin, Severus Snape",
4944622,The Evil Spirit Rise,Teen And Up Audiences,F/M,Lily Evans Potter/Severus Snape,"Severus Snape, Lily Evans Potter","Childhood Friends, Child Abuse, Child Neglect, Harm to Children, Drunkenness, Domestic Violence, Dysfunctional Family, Dark Magic, Love Potion/Spell, Apologies"
5117786,How to have fun at a Halloween party,Teen And Up Audiences,F/M,Sirius Black/Marlene McKinnon,"Sirius Black, Marlene McKinnon",
4971190,Horoscopes Always Know it Best,General Audiences,M/M,Sirius Black/Remus Lupin,"Remus Lupin, Sirius Black","Fluff, Romance"
4943794,Working Together,General Audiences,Gen,,"Neville Longbottom, Pomona Sprout, Draco Malfoy","Bullying, Herbology, Mentor/Protege, Friendship"
13609995,Hair trauma,Teen And Up Audiences,Gen,,"Draco Malfoy, Narcissa Black Malfoy","Drabble, Drabble Day 2015"
4910083,In case of emergencies,General Audiences,F/M,Hermione Granger/Ron Weasley,"Ron Weasley, Hermione Granger","Fluff, Post-Hogwarts"
4924012,Different Ways,General Audiences,F/M,Remus Lupin/Nymphadora Tonks,"Remus Lupin, Nymphadora Tonks, Teddy Lupin",Remadora
4939705,Sorry,General Audiences,F/M,Luna Lovegood/Draco Malfoy,"Draco Malfoy, Luna Lovegood",First Love
5058622,my dreams are reality now,Teen And Up Audiences,F/F,Katie Bell/Cho Chang,"Katie Bell, Cho Chang",
4917088,Eternally Bonded,Explicit,F/M,Hermione Granger/Severus Snape,,"Creature Fic, Character Turned Into Vampire, Vampires"
7403440,"James, King of the Text",Mature,F/M,James Potter/Lily Evans Potter,,"no word count because this is a texting fic, so everything is in images, Social Media, Tumblr: jilytober, Alternate Universe - Modern Setting, Alternate Universe - Everyone Lives/Nobody Dies, Alternate Universe"
4907029,Smashed Potions,Explicit,M/M,Fred Weasley/George Weasley,,"Twincest, Fred on aphrodisiacs"
5067163,The Things Sirius Black Thinks About When He Thinks About Remus Lupin,Teen And Up Audiences,M/M,"Sirius Black/Remus Lupin, wolfstar - Relationship","Sirius Black, Remus Lupin",
5013775,Save,General Audiences,Gen,,"Oliver Wood, Minerva McGonagall","Friendship/teacher fic, the shortest fic I've ever written"
4964023,It's Not A Cry That You Hear At Night,Teen And Up Audiences,Gen,"Lucius Malfoy/Narcissa Black Malfoy, Andromeda Black Tonks/Ted Tonks","Narcissa Black Malfoy, Andromeda Black Tonks","Post-Traumatic Stress Disorder - PTSD, Silence, Muteness, Implied/Referenced Torture, Canonical Character Death, Alternate Universe - Canon Divergence, Post-Second War with Voldemort, Sisters, Grief/Mourning"
31462007,To Have Someone,General Audiences,,,"Blaise Zabini, Draco Malfoy","Aromantic, Asexual Character, Discussions of sexuality"
5064880,Meet,General Audiences,F/M,Hermione Granger/Lucius Malfoy,"Hermione Granger, Lucius Malfoy","Drabble, poem, Fluffy"
4956139,Tied With a Ribbon,Teen And Up Audiences,F/M,Scorpius Malfoy/Lucy Weasley,"Lucy Weasley, Scorpius Malfoy","Romance, Humor, Christmas Presents"
5113409,Falling Alone,Teen And Up Audiences,F/M,Hermione Granger/Ron Weasley,"Hermione Granger, Ron Weasley","Poetry, Romance, Post-War"
5091227,Her King,Explicit,F/M,Hermione Granger/Kingsley Shacklebolt,"Hermione Granger, Kingsley Shacklebolt","Post-War, Fluff and Smut, Complete"
4965880,Drink,General Audiences,M/M,Sirius Black/Remus Lupin,"Sirius Black, Remus Lupin","POV Outsider, Panic Attacks, Alternate Universe"
5037133,John Lennon and the soul of Yoko Ono.,Mature,M/M,Seamus Finnigan/Neville Longbottom,"Seamus Finnigan, Neville Longbottom, Dean Thomas, Colin Creevey, Ginny Weasley",
5069854,Tragicomedy,General Audiences,M/M,Sirius Black/Remus Lupin,"Sirius Black, Remus Lupin","Implied Relationships, Drabble, really short"
5020672,The Night Diminished,Teen And Up Audiences,F/F,Luna Lovegood/Ginny Weasley,"Ginny Weasley, Luna Lovegood",Mild Hurt/Comfort
13634097,Bad Hair Day,General Audiences,Gen,,"Percy Weasley, Fred Weasley, George Weasley","Drabble, Drabble Day 2015, bad hair day"
4975144,"Of Love, Wine and Priorities",Explicit,F/M,Hermione Granger/Theodore Nott,"Hermione Granger, Theodore Nott, Pansy Parkinson, Kingsley Shacklebolt","Romance, Angst, Drama"
4933645,Trapped,Mature,Gen,,Sirius Black,"Post-Traumatic Stress Disorder - PTSD, Mental Instability, Community: HPFT, Sirius Black Has PTSD"
4915858,Take your Time,General Audiences,F/M,Remus Lupin/Nymphadora Tonks,"Remus Lupin, Nymphadora Tonks",Remadora
5097296,Wedding Bells,General Audiences,M/M,Remus Lupin/Severus Snape,"Severus Snape, Remus Lupin, Hermione Granger","Weddings, Established Relationship"
4946707,Lost,General Audiences,Gen,Alicia Spinnet/Fred Weasley,"Alicia Spinnet, Fred Weasley","Christmas Fluff, Friendship/Love, Drabble"
5058298,Lies & Other Bullshit,Teen And Up Audiences,M/M,Sirius Black/Remus Lupin,"Sirius Black, Remus Lupin, Albus Dumbledore","Angst, Post-Hogwarts, Wartime"
5000614,Honey and Gold,Explicit,F/M,Hermione Granger/Draco Malfoy,"Hermione Granger, Draco Malfoy","Autumn, Romance, Not Epilogue Compliant, Kitchen Sex"
5100473,Dudley Ponders Harry Hunting,Teen And Up Audiences,Gen,,Dudley Dursley,"Dudley point of view, musings, a little angsty bordering on darkish ponderings"
5033674,Christmas Shopping,General Audiences,M/M,Remus Lupin/Severus Snape,"Remus Lupin, Severus Snape","Christmas, Shopping, Established Relationship, Christmas Fluff"
5101046,She,Teen And Up Audiences,F/M,Remus Lupin/Nymphadora Tonks,"Remus Lupin, Nymphadora Tonks, Teddy Lupin, Sirius Black","Angst, Romance, Monologue"
4956160,carpe noctem,Teen And Up Audiences,F/M,Hermione Granger/Draco Malfoy,"Hermione Granger, Draco Malfoy",Post-Traumatic Stress Disorder - PTSD
4928983,Beach You Didn't See That Coming,General Audiences,F/M,Hermione Granger/Viktor Krum,"Hermione Granger, Viktor Krum","Friendship, prompt, Oneshot, AU"
5060488,Her mousy brown hair,Teen And Up Audiences,F/M,Remus Lupin/Nymphadora Tonks,"Remus Lupin, Nymphadora Tonks","Romance, Hurt/Comfort, Angst, happy end-ish"
4912486,In the Forbidden Forest,Teen And Up Audiences,M/M,Remus Lupin/Severus Snape,"Severus Snape, Remus Lupin, Albus Dumbledore","Humour, Established Relationship, Getting Lost"
5063623,The Invisible Man.,Explicit,M/M,Percy Weasley/Other(s),Percy Weasley,"Penelope Clearwater (mentioned), Oliver Wood (mentioned), Unknown sexual partner"
5068369,Soup,Teen And Up Audiences,M/M,Justin Finch-Fletchley/Blaise Zabini,"Justin Finch-Fletchley, Blaise Zabini","Pre-Slash, Mutual Pining"
4971148,Lost and Found,Teen And Up Audiences,M/M,Sirius Black/Remus Lupin,"Remus Lupin, Sirius Black","Character Death, Fluff, Romance, Hurt/Comfort, Alternate Universe"
4909804,We Have To Know,General Audiences,Gen,,"Hannah Abbott, Ernie Macmillan","Friendship, Male-Female Friendship, Coming Out, Star Trek References, Spock Quote, It's Allright, Best Friends"
5109428,Waking Dreams,Teen And Up Audiences,F/M,Draco Malfoy/Original Female Character(s),"Draco Malfoy, Original Female Character(s)",
5069188,Life Was Beginning Over Again With the Summer,Teen And Up Audiences,F/M,Hermione Granger/Draco Malfoy,"Draco Malfoy, Hermione Granger","Language, Romance, Fluff, Redeemed Draco, Alternate Universe, Heatwave"
5037202,sometimes goodbye (the gimme more dignity mix),Teen And Up Audiences,M/M,"Cedric Diggory/Neville Longbottom, Colin Creevey/Neville Longbottom","Cedric Diggory, Neville Longbottom, Colin Creevey, Zacharias Smith",
4992496,Smudges,General Audiences,M/M,Seamus Finnigan/Dean Thomas,"Dean Thomas, Seamus Finnigan","First Kiss, Bisexual Character, Fluff, general deamus adorableness"
4948333,Finding the Right Broom,Explicit,F/M,Hermione Granger/Charlie Weasley,"Hermione Granger, Charlie Weasley","PWP, Quidditch, Sweat, Brooms, broomshed"
4875562,8. Left out,Mature,Multi,Hermione Granger/Fred Weasley/George Weasley,"Hermione Granger, Fred Weasley, George Weasley","Threesome - F/M/M, Incest, Sibling Incest, Fluff, Polyamory"
4924363,Midnight Visitor,General Audiences,F/M,Sirius Black/Hermione Granger,"Sirius Black, Hermione Granger","First Love, Teen Angst, Angst and Hurt/Comfort"
4941949,Something New,Explicit,M/M,Colin Creevey/Blaise Zabini,"Blaise Zabini, Colin Creevey","Rituals, Mpreg, Impregnation, Fluff and Smut, Body Modification, temporary magical vagina"
4950196,A Kitten For Severus,Teen And Up Audiences,F/M,Hermione Granger/Severus Snape,"Hermione Granger, Severus Snape","Fan Art, Traditional Art, Drawings, Books & Novels, Pencil, Community: sshg_promptfest"
4943350,Passing Love Letters,Teen And Up Audiences,F/F,Hannah Abbott/Hermione Granger,"Hannah Abbott, Hermione Granger","Love Letters, Secret Admirer, Bisexuality, Bisexual Character"
5115494,True Poison is Paper and Ink,Teen And Up Audiences,Gen,"Ambiguous or Implied Relationship(s), One-Sided - Relationship","Ginny Weasley, Tom Riddle | Voldemort","Alternate Universe - Dark, Dark Ginny Weasley"
5784268,A Muggle Halloween,General Audiences,F/M,Hermione Granger/Draco Malfoy,"Hermione Granger, Draco Malfoy, Luna Lovegood","Fluff, Halloween, Halloween Costumes, luna knows everything"
4914958,Before The Storm,General Audiences,M/M,Sirius Black/Remus Lupin,"Sirius Black, Remus Lupin","Winter, Christmas, Moonlight, 1995, don't let this one fool you into thinking it'll end happily"
5063605,Man of the Hour.,Mature,"F/M, M/M","Percy Weasley/Oliver Wood, Penelope Clearwater/Percy Weasley, Roger Davies/Percy Weasley, Oliver Wood/Roger Davies","Percy Weasley, Roger Davies",
4920841,Friends and Their Benefits,Teen And Up Audiences,F/M,Theodore Nott/Pansy Parkinson,"Pansy Parkinson, Theodore Nott","Friends With Benefits, Angst with a Happy Ending, Post-War, Post-Hogwarts"
5056378,Get a Room,General Audiences,F/M,Lysander Scamander/Roxanne Weasley,"Lysander Scamander, Roxanne Weasley, Lorcan Scamander (mentioned)","gryffindors in love, roxanne and lysander live together, but in separate rooms"
5012161,as if i'm in on the joke,Teen And Up Audiences,F/M,Ginny Weasley/Blaise Zabini,"Blaise Zabini, Ginny Weasley","Angst, Unrequited Love, Friends With Benefits, Post-Battle of Hogwarts"
5050162,Late Night At Hogwarts,Mature,M/M,Lucius Malfoy/Severus Snape,"Lucius Malfoy, Severus Snape","Slash, One Shot, late night, very short, tiny bit of fluff, straight into smut, Smut, Complete, Finished"
13578297,Waves,General Audiences,"F/M, Gen","Hermione Granger/Ron Weasley, Hermione Granger/Physics","Hermione Granger, Ron Weasley","Drabble Day 2015, Drabble, Hermione explains stuff to Ron"
4931002,Don't Threaten the Lion's Cubs,General Audiences,Gen,,Minerva McGonagall,"BAMF McGonagall, She is badass, Battle of Hogwarts, Protective McGonagall, McGonagall pulled her wand out OH SHIT RUN"
4943770,Shared Afternoons,Teen And Up Audiences,F/M,Severus Snape/Pomona Sprout,"Severus Snape, Pomona Sprout, Minerva McGonagall, Albus Dumbledore","Coffee, Coffee Addiction, Addiction, Companionable Snark, Romance, Friendship/Love, Friendship"
5038273,Happy,General Audiences,F/F,Hermione Granger/Ron Weasley,"Ron Weasley, Hermione Granger, Rose Weasley, Hugo Weasley","Family, Fluff and Angst, Emotional Hurt/Comfort, Hurt/Comfort, Nightmares"
5114603,He'd Promised,Not Rated,M/M,Sirius Black/Remus Lupin,"Sirius Black, Remus Lupin, James Potter, Peter Pettigrew, Severus Snape","The Prank, Aftermath of the prank, Angst, First Kiss, Angst and Feels, Insomnia, remus is sad, sirius doesn't deal with things healthily"
4966924,The Stranger,Teen And Up Audiences,F/M,Severus Snape/Original Female Character(s),Severus Snape,"Vignette, Tango, Sensuality, Dancing, One Shot, Descriptive imagery, Hedonistic, No Dialogue, Community: hp_silencio, Complete"
4961614,Ways to Lose and Win,Not Rated,F/M,Lucius Malfoy/Hermione Granger,"Lucius Malfoy, Hermione Granger, The Grangers","Hermione has a Sister, also everyone moved to the US?, because it works for me, gratuitous references to greek and norse mythology, also a first attempt at smut, they all have PTSD, let's be honest they do, Good!Lucius, or - Freeform, not-so-good!hermione?, idek, Not Epilogue Compliant, at all, ron can just not exist, also it's not really smut, but I did try!!, kind of-ish"
4985125,Shipwreck,General Audiences,M/M,Sirius Black/Remus Lupin,"Remus Lupin, Sirius Black","Valentine's Day, Emotional Hurt/Comfort, Depression, Sirius Needs a Hug, (my favorite tag apparently)"
5088154,Bloody Mouth,Teen And Up Audiences,F/M,Lavender Brown/Bill Weasley,"Bill Weasley, Lavender Brown","I DO NOT GIVE PERMISSION FOR MY WORKS TO BE TRANSLATED, I DO NOT GIVE PERMISSION FOR MY WORKS TO BE BOUND FOR PROFIT, I DO NOT GIVE PERMISSION FOR MY WORKS TO BE REPOSTED TO ANOTHER SITE, I DO NOT GIVE PERMISSION FOR MY WORKS TO BE PRINTED OUT AND SOLD TO OTHERS IN ANY FORMAT"
5078467,Aftermath,General Audiences,F/M,Hermione Granger/Theodore Nott,"Hermione Granger, Theodore Nott, Madam Pince","just a small drabblish depiction of two characters i think would be interesting together, post war feelings and all, my heartbreaks at the idea of the ruined library tbh"
5030782,You Taste Like Magic,General Audiences,"F/M, Gen",Hermione Granger/Fred Weasley,"Fred Weasley, George Weasley, Hermione Granger","Fremione - Freeform, just a little anyway, FRED IS NOT DEAD, I REFUSE TO EXCEPT THAT FRED WEASLEY DIED, HE JUST DIDNT"
5065510,An Irrational Evening,Explicit,F/M,Hermione Granger/Draco Malfoy,"Hermione Granger, Draco Malfoy, Ginny Weasley, Luna Lovegood, Angelina Johnson","One Shot, Smut, Sexual Content, Explicit Sexual Content, Drunk Dancing, Morning After, Girls' Night Out, Redeemed Draco, Adult Draco Malfoy, Adult Hermione Granger"
5018899,The Wolves Inside Us,Teen And Up Audiences,M/M,Remus Lupin/Severus Snape,"Severus Snape, Remus Lupin","Art, Macro photography, Snupin Santa Fest, Lego, Almost a hurt/comfort vibe (though not quite that), The teen rating is for implied violence, Short little piece"
5116496,Grapefruit Moon,Teen And Up Audiences,M/M,Sirius Black/Remus Lupin,"Remus Lupin, Sirius Black","1970s, Alternate Universe - Non-Magical, Walk Into A Bar, Piano, Crushes, Unresolved Romantic Tension, Implied/Referenced Homophobia, Period-Typical Homophobia, POV Remus Lupin, Pining, Implied/Referenced Alcohol Abuse/Alcoholism, Alcohol, Meet-Cute"
